File Name,Optimal,Greedy,Rand Best,Rand Worst,Rand Avg,Rand Std,Tabu Best,Tabu Worst,Tabu Avg,Tabu Std,GA Best,GA Worst,GA Avg,GA Std
A-n32-k5.vrp,784.0,1393.277842201798,1756.9623443977246,2456.507352951211,2120.6752910609057,132.5918557359964,850.4903862111333,1036.6850576869415,947.0466115929412,54.44017382345098,823.3971145213287,1162.7244346783793,999.6295407715696,70.16471998451348
A-n37-k6.vrp,949.0,1618.2231903216143,1907.6087978629391,2535.2505911330504,2233.636424184504,131.51866628722524,992.6583416423105,1199.8827686667173,1068.3492087588604,52.451717693467124,1048.8037793200922,1290.9620827275498,1155.1204955108694,52.67988326643633
A-n39-k5.vrp,822.0,1035.1133464427244,1867.950482402919,2500.623203308513,2201.2580613508976,125.77686035153859,916.5639839318092,1004.4544246435108,966.6746285808495,26.724992614498433,903.2861224623377,1258.9003117925922,1068.1771438738567,59.32236803379898
A-n45-k6.vrp,944.0,1814.732583974493,2440.1922174670012,3297.6564416044,2818.904696188819,147.9544405130844,1098.3044769863743,1263.3809395585583,1193.4205481091844,54.323312994494145,1098.994978433611,1508.0271301928242,1359.6912980365762,74.17652490541244
A-n48-k7.vrp,1073.0,1773.0014153903192,2546.1523744010124,3301.533081727082,2942.8204241867243,187.18710846618032,1157.7430547711613,1322.9777602858633,1249.1268568406135,48.407624586812176,1308.555981911648,1655.7773994501295,1465.5380481745365,71.39608531404694
A-n54-k7.vrp,1167.0,1609.2325349755026,2918.65447695077,3659.1569857661357,3298.1332305963206,173.36127174726792,1282.6244714755333,1576.3634687919464,1433.37659874052,70.3303581329649,1448.2231613584986,1841.8982614133583,1650.6994810959038,77.38735494966605
A-n60-k9.vrp,1354.0,2486.789828972591,3116.076864336826,4165.065148778341,3711.6161498082142,178.96808550881855,1538.3855240635123,1699.44567352006,1636.3284958586216,45.6091843921419,1716.791939052169,2083.3167714337333,1912.3019121833051,80.72761110079593
