File Name,Optimal,Greedy,Rand Best,Rand Worst,Rand Avg,Rand Std,Tabu Best,Tabu Worst,Tabu Avg,Tabu Std,GA Best,GA Worst,GA Avg,GA Std
A-n32-k5.vrp,784.0,1393.277842201798,1761.6826702389658,2535.2199802576147,2124.7337534802455,135.15962369810705,857.5978479537423,1009.1489210692409,929.0301170000088,50.22366253590824,1382.285657542807,1713.794738095671,1566.2718012345483,59.02648745755142
A-n37-k6.vrp,949.0,1618.2231903216143,1896.0121873984497,2502.605481948832,2224.271827429203,131.07938267636882,986.6931892632109,1170.070579054914,1062.117384964558,48.38607536664508,1554.3961153933217,1856.6319815120237,1708.678763379742,53.2919221853932
A-n39-k5.vrp,822.0,1035.1133464427244,1883.8234906499617,2510.333423128079,2192.1499140392507,137.53792138638582,910.7465257644575,1013.4072761980711,962.8542309440642,38.18624983462475,1513.7299444643024,1795.4275913920746,1675.5001360312222,58.861342334613745
A-n45-k6.vrp,944.0,1814.732583974493,2445.19761100739,3177.7784896670087,2830.3533735051183,153.6819697346323,1110.2341214475982,1272.4442917176968,1196.7203885308961,52.58680622046778,1980.7790904604076,2352.0901508583993,2192.012686428339,66.91533655254109
A-n48-k7.vrp,1073.0,1773.0014153903192,2529.4214182712,3269.9771834801018,2972.7670972453157,156.3834154027568,1159.1535945735482,1436.1459470231994,1312.137270037898,72.69356102769869,2082.1928037544462,2446.719648228889,2285.07785967427,77.8185675400035
A-n54-k7.vrp,1167.0,1609.2325349755026,2936.0706187559995,3642.318971520043,3322.1745916847217,165.483888005175,1288.099362721607,1525.5362986849025,1417.4871347994642,66.68322524821244,2303.7913898845545,2812.7110477982956,2599.5191826498212,81.12672214998402
A-n60-k9.vrp,1354.0,2486.789828972591,3365.02509554493,4116.648424223179,3704.5980931144168,168.87249515929145,1559.654217692903,1703.6007881473677,1620.5931205690483,49.75477072840274,2842.54097732023,3146.627088566873,3004.879659644569,71.30780704738252
