File Name,Optimal,Greedy,Rand Best,Rand Worst,Rand Avg,Rand Std,Tabu Best,Tabu Worst,Tabu Avg,Tabu Std,GA Best,GA Worst,GA Avg,GA Std
A-n32-k5.vrp,784.0,1146.399631725379,1481.0205404649769,1626.9752997933376,1580.3665041218399,41.78912880606915,831.2161360546077,968.3897324452096,875.0986646979012,47.95201523526839,1018.4923712248149,1189.764525423143,1112.0066408655937,49.01412601469135
A-n37-k6.vrp,949.0,1341.8779365605787,1651.9072473704396,1790.0310957402535,1737.9904509573134,42.55492359343541,954.997207844166,1022.6284774028948,987.154157486663,16.840128734541082,1268.8584618526015,1458.0461936759516,1349.9106792149662,54.80774418915738
A-n39-k5.vrp,822.0,1032.574615401068,1588.1975948260201,1766.2046441099783,1677.2430391368835,51.41335952070131,836.0861795496318,979.4156449291171,883.570215838123,37.779385329582105,1131.3130172726537,1403.1252903849552,1247.6365516087765,85.1430279076908
A-n45-k6.vrp,944.0,1485.2990347176603,2111.8665457222132,2298.2508379386254,2217.4694048905358,66.14347450454211,987.4202918231167,1046.7149441015586,1017.3591112236118,20.6130195858576,1457.6618751237515,1720.9732463128264,1588.8084141878307,70.85881507995488
A-n48-k7.vrp,1073.0,1476.5729733586281,2265.536586499986,2389.9812859198546,2324.127914478872,37.2887736813396,1114.8458926748963,1176.1739427894659,1138.106813695636,19.455069351245076,1666.737742903724,1914.0242622310363,1783.3648224687422,65.07507089910693
A-n54-k7.vrp,1167.0,1433.6426135922889,2557.5757139462385,2745.891312336291,2647.2240239972766,53.857674375002354,1199.6377514366532,1333.487713339158,1253.0160303016874,41.63337451878755,1902.2326645208425,2160.9878613377214,1997.0106372826017,68.64187260001346
A-n60-k9.vrp,1354.0,1969.9807053701643,2987.9755321190382,3128.13720747634,3041.8559199255715,42.613362321608705,1400.2579358397502,1494.8304515362788,1442.422893296589,24.733929406549937,2095.7563802125674,2472.7113410222505,2311.7738469034953,114.16126608244798
