File Name,Optimal,Greedy,Rand Best,Rand Worst,Rand Avg,Rand Std,Tabu Best,Tabu Worst,Tabu Avg,Tabu Std,GA Best,GA Worst,GA Avg,GA Std
A-n32-k5.vrp,784.0,1146.399631725379,1510.2444972922863,1673.1776644556692,1594.6258054377422,44.36220253688667,900.5265177621216,1095.9774515974311,968.876096399501,50.88636949252607,986.7881536038557,1198.205481826382,1112.0878220017366,60.710370245814204
A-n37-k6.vrp,949.0,1341.8779365605787,1650.1795774396317,1778.8895377615902,1713.8957629972306,40.12981661069054,1047.3123886548158,1142.8731499163744,1107.8678643065045,28.61814537074026,1181.718306696553,1488.0955546983894,1359.8534019278518,83.47654325246036
A-n39-k5.vrp,822.0,1032.574615401068,1631.9351822667059,1741.9658079175185,1693.861295754603,31.13030276837581,972.0364867333792,1137.6440222241322,1032.257787557852,45.75539591077614,1079.216964124795,1348.725368357411,1237.155114127689,72.4850606226623
A-n45-k6.vrp,944.0,1485.2990347176603,2104.4669159917876,2323.4685325722166,2214.271195122161,69.33422062008844,1201.9103039550664,1478.7296108430255,1315.2553124638482,78.39819091756115,1429.9749398097144,1823.0425931580382,1634.576963528732,111.0246318223989
A-n48-k7.vrp,1073.0,1476.5729733586281,2236.5332884818117,2343.8786982156394,2290.589668367136,33.671542529282675,1321.0157651320753,1554.735396628891,1445.1254905253722,67.06214107691126,1654.9650876723629,1938.0102290009502,1787.6424717147238,87.7515220764585
A-n54-k7.vrp,1167.0,1433.6426135922889,2551.290913018177,2724.029910744376,2655.724997259238,48.26097643559897,1488.979427320178,1745.345402728112,1635.198756288857,80.28986994338175,1802.5887039305417,2111.2909882773856,1983.6978665473325,97.19242017516939
A-n60-k9.vrp,1354.0,1969.9807053701643,2873.5635238959976,3112.9765972848045,3030.5770245060894,65.24304863398054,1702.0950070383676,1925.130144834473,1813.5996707013692,67.36358398170562,2206.0641177421453,2490.5593872508184,2363.601220046501,93.64140116134858
