File Name,Optimal,Greedy,Rand Best,Rand Worst,Rand Avg,Rand Std,Tabu Best,Tabu Worst,Tabu Avg,Tabu Std,GA Best,GA Worst,GA Avg,GA Std
A-n32-k5.vrp,784.0,1393.277842201798,1857.8470308482795,2430.497052500571,2135.098878433132,125.29310852459372,887.3950928613983,1036.9593621286583,958.2596444422958,51.09070907295867,1316.5494421731132,1721.0388836712143,1558.7450871505375,63.56651196751939
A-n37-k6.vrp,949.0,1618.2231903216143,1806.8694291554168,2542.2150596093015,2240.51402342173,132.87060335667846,996.174774152699,1117.447797281306,1051.9429683889161,37.28279440004725,1538.1990374043642,1843.5868416689793,1718.023568796579,60.21438236109535
A-n39-k5.vrp,822.0,1035.1133464427244,1925.3926968192616,2529.9966194708113,2208.7976778166267,116.68889361283802,848.1670629601739,1034.0011710405859,943.0502627962611,45.63423699666783,1498.7749333561774,1796.5098856555148,1674.3888135997504,61.127919475921296
A-n45-k6.vrp,944.0,1814.732583974493,2364.6233013029337,3159.176906426267,2814.0287145020584,134.94705954015944,1047.074813117946,1277.8892711856554,1182.1803341572436,69.3545231665427,2000.79532999876,2366.980282435741,2180.0220517118332,72.41976940314818
A-n48-k7.vrp,1073.0,1773.0014153903192,2385.8975935485873,3288.160904513853,2962.103125432186,161.6935452018791,1213.991588952991,1402.5003067713455,1317.7675013023465,55.599384314131086,2112.168194184468,2451.5997481905256,2276.9007356401903,72.206154931831
A-n54-k7.vrp,1167.0,1609.2325349755026,2999.4448428927503,3708.9687265285233,3285.071715844295,161.1799500869655,1297.2945681289098,1505.8481929796867,1427.9021885284646,66.68912106080938,2401.0569334125744,2742.956903179643,2605.623149200254,75.80150355728475
A-n60-k9.vrp,1354.0,2486.789828972591,3242.3518780326226,4079.8785712270183,3671.509271846205,170.11335784317967,1530.3704738049341,1704.6937098593858,1618.6280447172435,57.66197842518887,2649.923651518874,3219.5598560260228,2983.854804432414,96.57759323202617
