File Name,Optimal,Greedy,Rand Best,Rand Worst,Rand Avg,Rand Std,Tabu Best,Tabu Worst,Tabu Avg,Tabu Std,GA Best,GA Worst,GA Avg,GA Std
A-n32-k5.vrp,784.0,1146.399631725379,1745.3068588465235,2518.8181635689334,2153.0092897291606,142.78201261228693,877.840963024906,1042.5267628757488,960.935506481325,57.641850270878,961.1382816240115,1149.4749108490885,1075.3032658272036,53.40039533173714
A-n37-k6.vrp,949.0,1341.8779365605787,1841.5216209709997,2544.2351192904,2205.7445955308267,127.68467466462437,1022.1687081119607,1101.8144782556383,1057.834803041233,27.446022417781787,1176.3044220060212,1378.0348312003089,1296.0478615729667,57.55041046170927
A-n39-k5.vrp,822.0,1032.574615401068,1814.5233568647773,2490.4463816262514,2166.561338700681,136.51291897340124,894.8741203555073,1073.4903839288475,948.7153617164447,51.88816866880953,1176.370059584643,1337.8844944140246,1247.8910259087045,51.15300458703715
A-n45-k6.vrp,944.0,1485.2990347176603,2522.1220971337702,3120.8047420471335,2819.9438590113255,127.58118114839101,1064.471590997341,1251.6187838766007,1170.6847870671966,64.15617201579263,1314.3003629397026,1820.5171486589068,1590.119488543615,126.50640076623388
A-n48-k7.vrp,1073.0,1476.5729733586281,2494.5368944382894,3426.2956725040467,2959.3640565503338,179.1951736953238,1195.3826430270974,1316.0768082157301,1265.6569190765654,39.14100363191258,1568.665057389511,1841.515195832813,1740.399649152346,84.30865813119358
A-n54-k7.vrp,1167.0,1433.6426135922889,2780.900467150748,3638.8743668760694,3315.8446226729984,162.21360769320862,1369.487743949446,1517.5922772759907,1452.6749976758624,44.22628252177506,1882.7421776877804,2151.663505019219,2026.182901904164,84.59717755390864
A-n60-k9.vrp,1354.0,1969.9807053701643,3244.2352041732024,4145.015024440327,3709.394378806249,165.66457662062157,1509.048316466681,1772.1674587310592,1648.5587076382321,72.65350517535508,2069.0721890759587,2496.7813823633605,2319.3764422291706,115.14211460083969
