File Name,Optimal,Greedy,Rand Best,Rand Worst,Rand Avg,Rand Std,Tabu Best,Tabu Worst,Tabu Avg,Tabu Std,GA Best,GA Worst,GA Avg,GA Std
A-n32-k5.vrp,784.0,1146.399631725379,1450.3862213953973,1619.3551375888378,1565.1596699730078,50.089617716734885,896.4957278116133,1090.963440916109,956.7791663232174,57.908354638498274,986.0688145772676,1205.3942045971487,1115.3622809979229,68.41441485664134
A-n37-k6.vrp,949.0,1341.8779365605787,1608.4701881852902,1773.5458851322176,1725.4340701225676,47.51592769765043,1044.263815452571,1190.5584584873602,1113.1128904135135,51.57655211874237,1248.2592648687596,1431.6811695349975,1305.3020957456706,51.694744553852814
A-n39-k5.vrp,822.0,1032.574615401068,1569.0264355999986,1728.1334662930394,1680.8806558178171,46.42505077824747,949.9200915804498,1110.7423413007532,1040.1841202990133,54.15383160282709,1115.4362993261539,1382.1004011459365,1254.2954202058493,72.8336018433022
A-n45-k6.vrp,944.0,1485.2990347176603,2160.0346401156776,2310.817578450283,2256.8028578566973,46.398387982347295,1229.58050337253,1359.9715244337108,1286.987230846406,39.597050463395014,1498.3811071884143,1714.1923366927433,1597.1151036087933,74.6180417450422
A-n48-k7.vrp,1073.0,1476.5729733586281,2254.602666365553,2368.536958450298,2321.1551354539683,38.9596212055031,1303.6519034262724,1582.3523582303633,1405.2169493002355,79.97398463792243,1522.5240913973248,1995.987690522915,1755.398984214315,125.7284042831152
A-n54-k7.vrp,1167.0,1433.6426135922889,2562.1038943993804,2722.040783373602,2638.2956658977787,47.25842559598939,1519.352149368987,1682.2390941916503,1606.5758502586702,48.63812202267913,1837.1282286761027,2160.440072684061,1992.9600840439375,90.8290504859047
A-n60-k9.vrp,1354.0,1969.9807053701643,2882.298856359031,3069.0209194640656,3017.498681495871,51.4642255146676,1720.2311357649762,1975.081862155876,1852.7095633166075,88.35196513760951,2009.7350908738847,2553.19246622113,2326.2191608990033,155.81015357080568
