File Name,Optimal,Greedy,Rand Best,Rand Worst,Rand Avg,Rand Std,Tabu Best,Tabu Worst,Tabu Avg,Tabu Std,GA Best,GA Worst,GA Avg,GA Std
A-n32-k5.vrp,784.0,1146.399631725379,1509.8832751369616,1673.3666789750243,1609.1073925259682,47.862497829821905,864.0444058158265,1119.6187570839486,968.4022887148036,72.91039928223836,1023.9396730212794,1272.0157031979948,1130.2397284431609,79.5591947654351
A-n37-k6.vrp,949.0,1341.8779365605787,1616.19034567388,1777.8791534952452,1704.3258595570562,57.41455264311369,1048.4161790689047,1194.2901153011649,1105.0008561734862,47.05458397622693,1225.3386504625637,1496.4249675432854,1342.5040457878695,78.02580858250982
A-n39-k5.vrp,822.0,1032.574615401068,1619.0685399572674,1774.0301573568038,1696.0382369638096,46.65446176789048,970.0024445511009,1094.4859005194826,1028.941915219537,35.274922299174186,1229.2860917331031,1412.4934011413281,1295.224140086794,57.91586599222649
A-n45-k6.vrp,944.0,1485.2990347176603,2195.5675421830206,2279.774921243489,2247.4374560327205,29.06268406305893,1149.4884151688018,1350.9705938513964,1273.2416994436458,56.07495819253304,1580.8819900462443,1898.8368525335395,1699.5008663111366,102.49261017803785
A-n48-k7.vrp,1073.0,1476.5729733586281,2222.9170897067042,2378.887595263277,2292.4922478898125,64.57074069477872,1314.481292782815,1424.174955277757,1376.0134392080313,42.846560901679055,1604.0168441943238,2011.690228822834,1794.4328856664292,145.8115490650645
A-n54-k7.vrp,1167.0,1433.6426135922889,2540.678205500575,2717.6301560422007,2644.61615512557,56.38572904528506,1533.2402941635155,1770.4151598653111,1604.9323310458892,73.96232539229051,1971.543666945634,2335.2487733310813,2116.064591836267,95.57421032469969
A-n60-k9.vrp,1354.0,1969.9807053701643,2851.383324731846,3104.51569114805,3026.0093156422345,69.20502150519617,1721.5630840759447,1867.9483424801997,1796.3618201360482,43.16706256459211,2115.2297255197245,2626.4826723545125,2353.7838133725136,142.5102869789773
