File Name,Optimal,Greedy,Rand Best,Rand Worst,Rand Avg,Rand Std,Tabu Best,Tabu Worst,Tabu Avg,Tabu Std,GA Best,GA Worst,GA Avg,GA Std
A-n32-k5.vrp,784.0,1146.399631725379,1785.0626274239387,2450.240997396233,2127.9949889095096,145.33845978683922,862.5009612825706,1002.2126098660111,929.0396322080094,47.59032805112809,1011.6662670303959,1269.9377198025134,1139.0803322149702,61.11733605659387
A-n37-k6.vrp,949.0,1341.8779365605787,1845.6031532213397,2503.7751638795435,2208.9091366419907,137.63515064812893,995.0526373479474,1132.095147187608,1069.2585870375306,41.862913914690544,1241.7306237918233,1346.9226543357486,1300.5351189070238,34.545809106459586
A-n39-k5.vrp,822.0,1032.574615401068,1762.214492745239,2547.267081955353,2178.4037994537066,137.7895411537704,863.967620161665,1036.529980254521,951.6980070954111,47.58957621301634,1174.4702971060433,1444.1031866312583,1249.6463252012572,80.03119242592051
A-n45-k6.vrp,944.0,1485.2990347176603,2359.2244560519034,3163.045086436556,2829.3096152398152,149.20424407121774,1149.0653810544302,1314.7593345334449,1212.6940677216282,46.202407089810094,1385.4067143529537,1761.1078845192237,1581.9925389874084,107.03416203094777
A-n48-k7.vrp,1073.0,1476.5729733586281,2521.9752602242875,3354.8052619412606,2938.6324437234916,152.94202894741787,1201.133263909469,1412.7070101475056,1302.5186851613,57.67894799661372,1560.9167125022143,1925.5716434131664,1712.4639832614223,107.31027482925872
A-n54-k7.vrp,1167.0,1433.6426135922889,2908.514261865019,3730.8783483624775,3297.9787442582247,175.73982387854147,1296.5746640037898,1472.3537424935298,1392.464042961282,65.63620185166445,1974.0290681966558,2171.7300746187734,2061.7551861008137,56.84356512705229
A-n60-k9.vrp,1354.0,1969.9807053701643,3272.402402404791,4219.486044956259,3707.8453469103765,189.6151004253211,1549.5697396245687,1856.0944138180034,1666.0013263808294,77.03718014994028,2117.904532617438,2466.4868697530646,2308.2934786403525,100.84088327664658
