Instance,Optimal,Configuration,Best,Worst,Average,Std
A-n32-k5.vrp,784.0,"{'max_iterations': 200, 'tabu_tenure': 5}",828.7323185609592,1086.193844806037,959.6633309178563,73.3769884963073
A-n32-k5.vrp,784.0,"{'max_iterations': 500, 'tabu_tenure': 10}",818.5558875035513,994.6605967962279,889.391121192714,48.4689703034473
A-n32-k5.vrp,784.0,"{'max_iterations': 1000, 'tabu_tenure': 15}",837.4710436450914,965.7475412229344,888.1332749585508,37.11274369038648
A-n60-k9.vrp,1354.0,"{'max_iterations': 200, 'tabu_tenure': 5}",1564.8457662120543,1770.0976557601755,1683.9596004632829,67.04163738419815
A-n60-k9.vrp,1354.0,"{'max_iterations': 500, 'tabu_tenure': 10}",1506.3206986435641,1798.1971296757004,1614.0527053035225,87.8370583521744
